Name,URL,Status,Notes,Date Checked
Super Smash Flash 2,https://ayden.rocks/1.html,Broken,Black Screen,12/3/2020
Tetris,https://ayden.rocks/2.html,Almost Perfect,Sometimes cannot rotate blocks,12/3/2020
Pokemon Tower Defense 2,https://ayden.rocks/3.html,Broken,Black Screen,12/3/2020
Learn to Fly 2,https://ayden.rocks/4.html,Broken,"Flying is Broken, Slightly Broken Graphics",12/3/2020
Gun Mayhem 2,https://ayden.rocks/5.html,Perfect,Appears to be working perfectly,12/3/2020
Clicker Heroes,https://ayden.rocks/6.html,Broken,White Screen,12/4/2020
Duck Life 3,https://ayden.rocks/7.html,Perfect,Appears to be working perfectly,12/4/2020
Flight,https://ayden.rocks/8.html,Broken,Stuck in animation/menu loop,12/5/2020
Feudalism 2,https://ayden.rocks/9.html,Perfect,Appears to be working perfectly,12/4/2020
Bouncy Heroes,https://ayden.rocks/10.html,Perfect,Appears to be working perfectly,12/4/2020
1v1 Soccer,https://ayden.rocks/11.html,Perfect,Appears to be working perfectly,12/5/2020
Bubble Tanks 2,https://ayden.rocks/12.html,Almost Perfect,Slight graphical glitch,12/5/2020
Stick War 2,https://ayden.rocks/13.html,Broken,Error Message,12/5/2020
Chess,https://ayden.rocks/14.html,Broken,Stuck in Loading/Menu loop,12/5/2020
Pokemon Tower Defense 3,https://ayden.rocks/15.html,Broken,White Screen,12/5/2020
Tank Trouble,https://ayden.rocks/16.html,Broken,"Major graphical glitches, Gameplay does not start",12/6/2020
Raze,https://ayden.rocks/17.html,Broken,Stuck in Loading/Menu loop,12/6/2020
Learn to Fly 3,https://ayden.rocks/18.html,Broken,Stuck in Loading/Menu loop,12/6/2020
Geometry Dash,https://ayden.rocks/19.html,Perfect,Appears to be working perfectly,12/6/2020
Strike Force Heroes 2,https://ayden.rocks/20.html,Broken,Stuck at unsupported plugin screen,12/6/2020
Hex Empire,https://ayden.rocks/21.html,Almost Perfect,Graphical glitch,12/8/2020
Bloons Tower Defense 5,https://ayden.rocks/22.html,Broken,White Screen,12/8/2020
Super Mario Crossover,https://ayden.rocks/23.html,Broken,Stuck on loading screen,12/8/2020
Caribbean Admiral,https://ayden.rocks/24.html,Broken,Stuck in animation/menu loop,12/8/2020
Super Mario 63,https://ayden.rocks/25.html,Broken,Stuck on Black Screen with star,12/8/2020
The Binding of Isaac,https://ayden.rocks/26.html,Broken,"Crashes during gameplay, Laggy gameplay",12/9/2020
Papa's Freezeria,https://ayden.rocks/27.html,Broken,Black Screen,12/9/2020
World Wars 2,https://ayden.rocks/28.html,Almost Perfect,"Map borders are not shown, Graphic glitch",12/9/2020
Snake,https://ayden.rocks/29.html,Perfect,Appears to be working perfectly,12/9/2020
Dino Run,https://ayden.rocks/30.html,Broken,Stuck on Loading Screen,12/9/2020